,historical_2025-07,historical_2025-08,historical_2025-09,historical_2025-10,historical_2025-11,historical_2025-12,source_2025-07,source_2025-08,source_2025-09,source_2025-10,source_2025-11,source_2025-12
WEST,1.8160323609845033,0.0,,0.0,0.0,0.0,-2.6060657854755336,33.356791766090105,,0.0,0.0,-2.680801584795164
GENESE,-0.5601424283595473,3.02697107417823,,0.0,0.0,-0.17839334085964573,4.8460112541873075,19.055679208149517,,0.0,0.0,-2.095628046592923
CENTRL,-1.1883252318331767,0.0,0.0,0.0,0.0,-1.1762247261454797,9.994155213093693,8.298570931705266,0.0,0.0,0.0,6.2137545497292015
NORTH,-2.701066733792571,1.5809468662702863e-14,-8.365253015146925,16.064996725605752,0.0,-7.758460864289089,-1.5402064905134076,0.0,-0.05143891169958132,0.0,0.0,-0.010955302366349716
MHK VL,-1.8678654329231326,4.200227762945531,0.0,0.0,0.0,-3.2959659922914573,18.742885306369033,0.0,0.0,0.0,0.0,0.39840539891963067
CAPITL,3.5632034717347465,0.0,0.0,0.0,,-6.688382491730591,31.73408012416914,0.0,0.0,0.0,,0.0
HUD VL,-0.12361738339736524,0.0,68.13721156396427,0.0,0.0,0.0,32.54963081935889,-0.4150075512252903,0.0,0.0,0.0,-10.964791576110008
MILLWD,-1.2063204844328956,-2.031065096680888e-14,0.0,0.0,0.0,0.0,19.13597295302492,0.0,0.0,0.0,0.0,-3.751928893278205
DUNWOD,-0.49299912680965463,-3.879990912248678e-14,0.0,0.0,0.0,0.0,16.447250521379594,-1.939995456124339e-14,0.0,0.0,0.0,4.250452787034137
N.Y.C.,2.8347647173785973,0.0,0.0,0.0,-0.9832754062323775,-4.100165055411454,23.91350079259952,0.0,0.0,0.0,-4.090544514749164,-1.5737797689224255
LONGIL,3.5631417965411405,0.0,1.75075209008279e-14,0.0,-12.618140325948898,0.0,14.78510948959004,-2.9978808757255877e-14,0.0,0.0,0.0,0.0
