month,method,n,events,alerts,recall,excess_share
2025-09,starting,1440,135,432,0.7185185185185186,0.7132387900307952
2025-09,full,1440,135,432,0.725925925925926,0.7187742448050731
2025-09,gate,1440,135,432,0.7333333333333333,0.7189120096787593
2025-10,starting,1488,296,447,0.6925675675675675,0.8092379190361809
2025-10,full,1488,296,447,0.6891891891891891,0.8125214092184652
2025-10,gate,1488,296,447,0.6824324324324325,0.8066651481473887
2025-11,starting,1440,118,432,0.8983050847457628,0.920716245702323
2025-11,full,1440,118,432,0.8983050847457628,0.9508516282313523
2025-11,gate,1440,118,432,0.8983050847457628,0.920716245702323
2025-12,starting,1488,27,447,0.7777777777777778,0.8117266555744452
2025-12,full,1488,27,447,0.7777777777777778,0.8117266555744452
2025-12,gate,1488,27,447,0.7777777777777778,0.8117266555744452
2026-01,starting,1488,11,447,0.8181818181818182,0.7179419703103913
2026-01,full,1488,11,447,1.0,0.9999999999999999
2026-01,gate,1488,11,447,0.7272727272727273,0.5821039136302293
2026-02,starting,529,37,159,0.9459459459459459,0.9783101342778658
2026-02,full,529,37,159,0.9459459459459459,0.9783101342778661
2026-02,gate,529,37,159,0.9459459459459459,0.9783101342778658
