stratum,hour,intervals,events,event_rate
Other months,0.0,104,0,0.0
Other months,0.5,103,5,0.04854368932038835
Other months,1.0,103,0,0.0
Other months,1.5,103,0,0.0
Other months,2.0,103,2,0.019417475728155338
Other months,2.5,103,0,0.0
Other months,3.0,103,0,0.0
Other months,3.5,103,0,0.0
Other months,4.0,103,0,0.0
Other months,4.5,103,0,0.0
Other months,5.0,103,0,0.0
Other months,5.5,103,0,0.0
Other months,6.0,103,0,0.0
Other months,6.5,103,0,0.0
Other months,7.0,103,0,0.0
Other months,7.5,103,1,0.009708737864077669
Other months,8.0,103,2,0.019417475728155338
Other months,8.5,103,18,0.17475728155339806
Other months,9.0,103,6,0.05825242718446602
Other months,9.5,103,9,0.08737864077669903
Other months,10.0,103,7,0.06796116504854369
Other months,10.5,103,10,0.0970873786407767
Other months,11.0,103,15,0.14563106796116504
Other months,11.5,103,10,0.0970873786407767
Other months,12.0,103,20,0.1941747572815534
Other months,12.5,103,6,0.05825242718446602
Other months,13.0,103,13,0.1262135922330097
Other months,13.5,103,27,0.2621359223300971
Other months,14.0,103,9,0.08737864077669903
Other months,14.5,103,6,0.05825242718446602
Other months,15.0,103,3,0.02912621359223301
Other months,15.5,103,6,0.05825242718446602
Other months,16.0,103,2,0.019417475728155338
Other months,16.5,103,2,0.019417475728155338
Other months,17.0,103,2,0.019417475728155338
Other months,17.5,103,2,0.019417475728155338
Other months,18.0,103,1,0.009708737864077669
Other months,18.5,103,3,0.02912621359223301
Other months,19.0,103,1,0.009708737864077669
Other months,19.5,103,0,0.0
Other months,20.0,103,1,0.009708737864077669
Other months,20.5,103,0,0.0
Other months,21.0,103,2,0.019417475728155338
Other months,21.5,103,1,0.009708737864077669
Other months,22.0,103,0,0.0
Other months,22.5,103,0,0.0
Other months,23.0,103,1,0.009708737864077669
Other months,23.5,103,0,0.0
Pressure,0.0,61,12,0.19672131147540983
Pressure,0.5,61,24,0.39344262295081966
Pressure,1.0,61,12,0.19672131147540983
Pressure,1.5,61,6,0.09836065573770492
Pressure,2.0,61,11,0.18032786885245902
Pressure,2.5,61,11,0.18032786885245902
Pressure,3.0,61,8,0.13114754098360656
Pressure,3.5,61,5,0.08196721311475409
Pressure,4.0,61,3,0.04918032786885246
Pressure,4.5,61,3,0.04918032786885246
Pressure,5.0,61,2,0.03278688524590164
Pressure,5.5,61,8,0.13114754098360656
Pressure,6.0,61,5,0.08196721311475409
Pressure,6.5,61,3,0.04918032786885246
Pressure,7.0,61,3,0.04918032786885246
Pressure,7.5,61,7,0.11475409836065574
Pressure,8.0,61,5,0.08196721311475409
Pressure,8.5,61,20,0.32786885245901637
Pressure,9.0,61,5,0.08196721311475409
Pressure,9.5,61,6,0.09836065573770492
Pressure,10.0,61,6,0.09836065573770492
Pressure,10.5,61,5,0.08196721311475409
Pressure,11.0,61,6,0.09836065573770492
Pressure,11.5,61,12,0.19672131147540983
Pressure,12.0,61,13,0.21311475409836064
Pressure,12.5,61,9,0.14754098360655737
Pressure,13.0,61,11,0.18032786885245902
Pressure,13.5,61,21,0.3442622950819672
Pressure,14.0,61,10,0.16393442622950818
Pressure,14.5,61,10,0.16393442622950818
Pressure,15.0,61,11,0.18032786885245902
Pressure,15.5,61,10,0.16393442622950818
Pressure,16.0,61,6,0.09836065573770492
Pressure,16.5,61,6,0.09836065573770492
Pressure,17.0,61,4,0.06557377049180328
Pressure,17.5,61,10,0.16393442622950818
Pressure,18.0,61,10,0.16393442622950818
Pressure,18.5,61,4,0.06557377049180328
Pressure,19.0,61,6,0.09836065573770492
Pressure,19.5,61,13,0.21311475409836064
Pressure,20.0,61,11,0.18032786885245902
Pressure,20.5,61,11,0.18032786885245902
Pressure,21.0,61,10,0.16393442622950818
Pressure,21.5,61,11,0.18032786885245902
Pressure,22.0,61,11,0.18032786885245902
Pressure,22.5,61,15,0.2459016393442623
Pressure,23.0,61,10,0.16393442622950818
Pressure,23.5,61,10,0.16393442622950818
