zone_month,zone,month,n,events,excess,event_rate,excess_intensity,volatility,tail_congestion,load_mean,base_events,base_excess,base_alerts,local_events,local_excess,local_alerts,source_base_events,source_base_excess,source_base_alerts,source_local_events,source_local_excess,source_local_alerts,pressure_dimensions,high_load
CAPITL_2025-07,CAPITL,2025-07,744,44,2943.0819999999994,0.05913978494623656,3.955755376344085,56.772748176630536,64.20454545454545,1547.1975806451612,32,2517.8459999999995,224,33,2622.714,224,39,2009.1219999999996,224,44,2943.0819999999994,224,4,True
CAPITL_2025-08,CAPITL,2025-08,744,20,2079.26,0.026881720430107527,2.794704301075269,40.00988817493306,80.91350000000001,1356.9529569892472,17,1936.2859999999998,224,17,1936.2859999999998,224,20,2079.2599999999998,224,20,2079.2599999999998,224,4,True
CAPITL_2025-09,CAPITL,2025-09,720,2,5.9159999999999755,0.002777777777777778,0.008216666666666633,10.815810247944489,0.61,1161.0638888888889,0,0.0,216,0,0.0,216,2,5.9159999999999755,216,2,5.9159999999999755,216,0,True
CAPITL_2025-10,CAPITL,2025-10,744,2,29.785999999999973,0.002688172043010753,0.0400349462365591,18.62273235485323,8.955,1099.231182795699,2,29.785999999999973,224,2,29.785999999999973,224,2,29.785999999999973,224,2,29.785999999999973,224,1,False
CAPITL_2025-11,CAPITL,2025-11,721,0,0.0,0.0,0.0,17.402767880310815,0.0,1218.260748959778,0,0.0,217,0,0.0,217,0,0.0,217,0,0.0,217,0,True
CAPITL_2025-12,CAPITL,2025-12,744,21,436.54799999999966,0.028225806451612902,0.5867580645161286,28.876863495739922,38.425714285714285,1460.529569892473,11,202.5979999999998,224,10,173.39999999999975,224,21,436.54799999999955,224,21,436.54799999999955,224,4,True
CENTRL_2025-07,CENTRL,2025-07,744,52,2323.4379999999996,0.06989247311827956,3.122900537634408,49.97678275801967,2.394423076923077,1806.739247311828,39,2132.626,224,39,2105.016,224,44,1663.7960000000003,224,46,1896.0040000000004,224,4,True
CENTRL_2025-08,CENTRL,2025-08,744,28,914.3020000000002,0.03763440860215054,1.2289005376344089,27.84491562925854,0.0007142857142857143,1602.9623655913979,25,861.44,224,25,861.44,224,27,838.4280000000001,224,28,914.302,224,3,True
CENTRL_2025-09,CENTRL,2025-09,720,1,1.4340000000000046,0.001388888888888889,0.0019916666666666733,10.53518860056536,2.43,1392.4194444444445,1,1.4340000000000046,216,1,1.4340000000000046,216,1,1.4340000000000046,216,1,1.4340000000000046,216,1,False
CENTRL_2025-10,CENTRL,2025-10,744,6,72.76400000000001,0.008064516129032258,0.09780107526881722,18.483221154345298,1.1666666666666667,1398.747311827957,6,72.76400000000001,224,6,72.76400000000001,224,6,72.76400000000001,224,6,72.76400000000001,224,0,False
CENTRL_2025-11,CENTRL,2025-11,721,3,11.222000000000008,0.004160887656033287,0.015564493758668528,15.92610994590136,0.0,1604.4660194174758,2,9.538000000000011,217,2,9.538000000000011,217,3,11.222000000000008,217,3,11.222000000000008,217,0,True
CENTRL_2025-12,CENTRL,2025-12,744,50,574.2100000000003,0.06720430107526881,0.7717876344086025,23.530867768797044,1.9638000000000002,1827.2096774193549,22,315.75800000000015,224,21,309.00400000000013,224,41,467.19400000000024,224,41,502.87400000000025,224,3,True
DUNWOD_2025-07,DUNWOD,2025-07,744,46,2801.2219999999998,0.06182795698924731,3.765083333333333,180.5436812131534,21.67021739130435,862.4543010752689,38,2628.036,224,38,2614.2259999999997,224,36,1903.7419999999997,224,38,2364.466,224,4,True
DUNWOD_2025-08,DUNWOD,2025-08,744,26,1172.0319999999997,0.03494623655913978,1.5753118279569889,29.74328658709604,7.735,708.8373655913979,22,1103.464,224,22,1103.4639999999997,224,26,1172.032,224,26,1172.0319999999997,224,4,True
DUNWOD_2025-09,DUNWOD,2025-09,720,1,3.5319999999999894,0.001388888888888889,0.004905555555555541,11.63422781838786,1.15,619.8222222222222,1,3.5319999999999894,216,1,3.5319999999999894,216,1,3.5319999999999894,216,1,3.5319999999999894,216,0,True
DUNWOD_2025-10,DUNWOD,2025-10,744,7,86.27399999999992,0.009408602150537635,0.11595967741935473,19.233926478083742,3.9657142857142853,544.1505376344086,7,86.27399999999992,224,7,86.27399999999992,224,7,86.27399999999992,224,7,86.27399999999992,224,1,False
DUNWOD_2025-11,DUNWOD,2025-11,721,4,15.307999999999971,0.005547850208044383,0.021231622746185813,17.395663762083213,3.2975,583.6893203883495,3,13.905999999999977,217,3,13.905999999999977,217,4,15.307999999999971,217,4,15.307999999999971,217,1,True
DUNWOD_2025-12,DUNWOD,2025-12,744,54,731.0279999999996,0.07258064516129033,0.9825645161290317,24.432511984951148,0.7505555555555554,684.3024193548387,25,374.41999999999985,224,25,374.41999999999985,224,41,528.0619999999997,224,42,559.1339999999996,224,3,True
GENESE_2025-07,GENESE,2025-07,744,47,2181.588,0.06317204301075269,2.932241935483871,49.89947184246963,0.8204255319148935,1274.7903225806451,36,1972.8540000000003,224,36,1960.634,224,40,1540.4900000000002,224,40,1646.21,224,3,True
GENESE_2025-08,GENESE,2025-08,744,28,900.3720000000002,0.03763440860215054,1.210177419354839,27.733020243489282,0.0,1116.52688172043,25,841.0600000000001,224,26,868.3140000000001,224,25,728.8000000000001,224,28,900.3720000000001,224,3,True
GENESE_2025-09,GENESE,2025-09,720,0,0.0,0.0,0.0,10.184650351315476,0.0,936.3305555555555,0,0.0,216,0,0.0,216,0,0.0,216,0,0.0,216,0,True
GENESE_2025-10,GENESE,2025-10,744,6,61.284000000000006,0.008064516129032258,0.08237096774193549,18.107480564278053,2.226666666666667,921.1545698924731,6,61.284000000000006,224,6,61.284000000000006,224,6,61.284000000000006,224,6,61.284000000000006,224,0,False
GENESE_2025-11,GENESE,2025-11,721,3,7.372000000000007,0.004160887656033287,0.010224687933425807,15.625808763485558,0.0,1012.0790568654646,2,6.648000000000003,217,2,6.648000000000003,217,3,7.372000000000007,217,3,7.372000000000007,217,0,True
GENESE_2025-12,GENESE,2025-12,744,59,607.6460000000002,0.0793010752688172,0.8167284946236562,21.963934924938602,1.0950847457627118,1139.2876344086021,29,352.6660000000001,224,28,351.5820000000001,224,51,508.5740000000002,224,50,495.84000000000015,224,2,True
HUD VL_2025-07,HUD VL,2025-07,744,51,2692.1780000000003,0.06854838709677419,3.6185188172043015,59.13711122661322,10.673137254901961,1304.4206989247311,40,2373.0,224,39,2369.6720000000005,224,35,1520.1400000000003,224,48,2396.434,224,4,True
HUD VL_2025-08,HUD VL,2025-08,744,26,1129.6180000000004,0.03494623655913978,1.5183037634408607,29.48393155668326,7.617692307692308,1086.3037634408602,22,1060.3160000000003,224,22,1060.3160000000003,224,26,1129.6180000000004,224,25,1124.9300000000003,224,4,True
HUD VL_2025-09,HUD VL,2025-09,720,3,45.24400000000001,0.004166666666666667,0.0628388888888889,10.97510781530304,0.42,923.3291666666667,1,1.6580000000000013,216,2,32.486000000000004,216,3,45.24400000000001,216,3,45.24400000000001,216,0,True
HUD VL_2025-10,HUD VL,2025-10,744,7,125.18600000000004,0.009408602150537635,0.1682607526881721,19.397231266138267,0.7142857142857142,858.5591397849462,5,73.85000000000004,224,5,73.85000000000004,224,7,125.18600000000004,224,7,125.18600000000004,224,0,False
HUD VL_2025-11,HUD VL,2025-11,721,4,12.212000000000018,0.005547850208044383,0.016937586685159524,17.349725177111527,3.2475,988.4452149791956,3,11.294000000000011,217,3,11.294000000000011,217,4,12.212000000000018,217,4,12.212000000000018,217,1,True
HUD VL_2025-12,HUD VL,2025-12,744,51,777.5980000000003,0.06854838709677419,1.0451586021505381,24.695141686380857,0.30313725490196075,1188.616935483871,21,342.3380000000001,224,21,342.3380000000001,224,44,662.7920000000001,224,40,577.5300000000002,224,3,True
LONGIL_2025-07,LONGIL,2025-07,744,47,2166.964,0.06317204301075269,2.9125860215053763,154.29895043007278,54.16425531914893,3266.0403225806454,39,1930.2280000000003,224,40,2007.44,224,41,1794.592,224,45,2114.98,224,4,True
LONGIL_2025-08,LONGIL,2025-08,744,19,758.4480000000001,0.025537634408602152,1.0194193548387098,22.29317263012484,22.359473684210524,2745.2029569892475,18,742.646,224,18,742.646,224,19,758.4480000000001,224,19,758.4479999999999,224,2,True
LONGIL_2025-09,LONGIL,2025-09,720,5,81.16999999999999,0.006944444444444444,0.11273611111111109,16.062408664985504,48.482,2257.4875,5,81.16999999999999,216,5,81.17,216,5,81.16999999999999,216,5,81.16999999999999,216,1,True
LONGIL_2025-10,LONGIL,2025-10,744,3,120.79600000000002,0.004032258064516129,0.16236021505376347,16.07609913892723,0.0033333333333333335,1849.7043010752689,0,0.0,224,0,0.0,224,3,120.79600000000002,224,3,120.79600000000002,224,0,False
LONGIL_2025-11,LONGIL,2025-11,721,9,92.898,0.012482662968099861,0.12884604715672676,25.385756719790727,25.59333333333333,1930.7031900138695,8,85.26599999999999,217,7,73.54399999999998,217,9,92.898,217,9,92.898,217,2,False
LONGIL_2025-12,LONGIL,2025-12,744,31,384.082,0.041666666666666664,0.5162392473118279,31.57579097869135,20.870967741935484,2298.4879032258063,20,279.03000000000003,224,20,279.03000000000003,224,30,371.34999999999997,224,30,371.35,224,4,True
MHK VL_2025-07,MHK VL,2025-07,744,50,2515.9200000000005,0.06720430107526881,3.381612903225807,52.40049809560862,3.8939999999999997,830.3938172043011,40,2337.62,224,39,2290.626,224,40,1679.2,224,44,2150.756,224,4,True
MHK VL_2025-08,MHK VL,2025-08,744,28,1060.752,0.03763440860215054,1.425741935483871,30.407978231378237,3.3739285714285714,754.9758064516129,23,921.8420000000001,224,24,966.396,224,28,1060.752,224,28,1060.752,224,4,True
MHK VL_2025-09,MHK VL,2025-09,720,1,5.794000000000004,0.001388888888888889,0.008047222222222228,17.55840070394479,3.96,627.9458333333333,1,5.794000000000004,216,1,5.794000000000004,216,1,5.794000000000004,216,1,5.794000000000004,216,1,False
MHK VL_2025-10,MHK VL,2025-10,744,6,87.924,0.008064516129032258,0.11817741935483872,19.393374310606635,0.5316666666666667,643.9274193548387,6,87.924,224,6,87.924,224,6,87.924,224,6,87.924,224,0,False
MHK VL_2025-11,MHK VL,2025-11,721,4,13.955999999999989,0.005547850208044383,0.019356449375866835,16.83320980255686,0.0,789.0638002773925,2,11.527999999999992,217,2,11.527999999999992,217,3,13.911999999999992,217,3,13.911999999999992,217,0,True
MHK VL_2025-12,MHK VL,2025-12,744,59,816.7560000000001,0.0793010752688172,1.0977903225806454,24.563666677339295,1.0364406779661017,967.6747311827957,29,476.7160000000001,224,29,449.79600000000005,224,37,505.9480000000001,224,38,509.2020000000001,224,3,True
MILLWD_2025-07,MILLWD,2025-07,744,45,2520.0600000000004,0.06048387096774194,3.387177419354839,93.55191571448337,16.138888888888893,380.2043010752688,37,2364.174,224,37,2333.7740000000003,224,37,1720.284,224,41,2202.522,224,4,True
MILLWD_2025-08,MILLWD,2025-08,744,25,1119.48,0.033602150537634407,1.5046774193548387,29.581041769233597,8.113999999999999,307.18145161290323,22,1057.9240000000002,224,22,1057.924,224,25,1119.48,224,25,1119.48,224,4,True
MILLWD_2025-09,MILLWD,2025-09,720,1,1.4920000000000044,0.001388888888888889,0.0020722222222222283,14.070212965874983,1.09,258.9,1,1.4920000000000044,216,1,1.4920000000000044,216,1,1.4920000000000044,216,1,1.4920000000000044,216,0,False
MILLWD_2025-10,MILLWD,2025-10,744,6,75.422,0.008064516129032258,0.1013736559139785,19.162205733433215,4.256666666666667,243.28225806451613,6,75.422,224,6,75.422,224,6,75.422,224,6,75.422,224,1,False
MILLWD_2025-11,MILLWD,2025-11,721,3,9.106000000000009,0.004160887656033287,0.012629680998613049,17.348726352160504,4.416666666666667,283.43966712898754,3,9.106000000000009,217,3,9.106000000000009,217,2,8.894000000000013,217,2,8.894000000000013,217,1,True
MILLWD_2025-12,MILLWD,2025-12,744,45,648.04,0.06048387096774194,0.871021505376344,24.33603281468577,0.2368888888888889,355.2486559139785,21,334.192,224,21,334.192,224,42,623.184,224,40,598.8699999999999,224,3,True
N.Y.C._2025-07,N.Y.C.,2025-07,744,52,2947.264,0.06989247311827956,3.9613763440860215,174.33591214045907,18.826346153846153,7495.524193548387,39,2662.178,224,43,2745.7260000000006,224,43,2131.706,224,50,2836.5000000000005,224,4,True
N.Y.C._2025-08,N.Y.C.,2025-08,744,29,1171.5480000000002,0.038978494623655914,1.574661290322581,29.197429071631223,5.957586206896552,6354.586021505376,25,1120.14,224,25,1120.14,224,29,1171.5480000000002,224,29,1171.5480000000002,224,4,True
N.Y.C._2025-09,N.Y.C.,2025-09,720,2,8.904000000000025,0.002777777777777778,0.012366666666666701,12.182549189004122,1.0050000000000001,5709.6,2,8.904000000000025,216,2,8.904000000000025,216,2,8.904000000000025,216,2,8.904000000000025,216,0,True
N.Y.C._2025-10,N.Y.C.,2025-10,744,8,126.31600000000012,0.010752688172043012,0.16977956989247328,19.466158052633077,3.4675000000000002,4963.264784946236,8,126.31600000000012,224,8,126.31600000000012,224,8,126.31600000000012,224,8,126.31600000000012,224,1,False
N.Y.C._2025-11,N.Y.C.,2025-11,721,18,67.32600000000028,0.024965325936199722,0.09337864077669941,17.72047200627819,8.165,5039.657420249653,12,47.10400000000019,217,11,46.44200000000018,217,18,67.32600000000028,217,16,64.57200000000024,217,1,False
N.Y.C._2025-12,N.Y.C.,2025-12,744,80,1060.2500000000011,0.10752688172043011,1.4250672043010768,24.262184720395304,1.5392499999999998,5707.89247311828,36,558.6020000000004,224,35,515.1300000000005,224,62,703.1640000000008,224,59,686.4780000000007,224,3,True
NORTH_2025-07,NORTH,2025-07,744,42,2041.934,0.056451612903225805,2.744534946236559,47.36641790093509,2.5464285714285713,620.7459677419355,34,1941.3380000000002,224,32,1886.184,224,38,1618.396,224,38,1586.946,224,4,True
NORTH_2025-08,NORTH,2025-08,744,23,719.1059999999999,0.030913978494623656,0.966540322580645,31.416819633299706,0.0,592.6962365591398,20,687.1499999999999,224,20,687.15,224,23,719.106,224,23,719.106,224,3,False
NORTH_2025-09,NORTH,2025-09,720,32,217.73399999999992,0.044444444444444446,0.3024083333333332,75.3386093300597,37.114374999999995,570.7722222222222,11,87.03199999999998,216,9,68.81799999999998,216,32,217.73399999999992,216,31,217.62199999999993,216,3,False
NORTH_2025-10,NORTH,2025-10,744,11,146.59199999999998,0.01478494623655914,0.1970322580645161,22.045228439715796,0.0,586.6034946236559,5,78.60999999999997,224,5,102.15999999999997,224,10,141.74999999999997,224,10,141.74999999999997,224,0,False
NORTH_2025-11,NORTH,2025-11,721,1,2.431999999999995,0.0013869625520110957,0.003373092926490978,16.522646621695372,0.0,657.2884882108183,1,2.431999999999995,217,1,2.431999999999995,217,1,2.431999999999995,217,1,2.431999999999995,217,0,True
NORTH_2025-12,NORTH,2025-12,744,43,474.65600000000006,0.05779569892473118,0.637978494623656,24.01677670703994,1.367674418604651,715.9005376344086,25,281.28000000000003,224,22,244.454,224,39,435.5880000000001,224,38,435.53600000000006,224,3,True
WEST_2025-07,WEST,2025-07,744,48,2106.24,0.06451612903225806,2.8309677419354835,49.80426022817622,2.8456249999999996,2012.9610215053763,35,1823.6999999999998,224,37,1861.9499999999998,224,41,1551.31,224,40,1496.42,224,4,True
WEST_2025-08,WEST,2025-08,744,29,909.41,0.038978494623655914,1.2223252688172042,27.498282471750585,0.0,1867.225806451613,27,875.3299999999999,224,27,875.3299999999999,224,25,606.06,224,29,909.4099999999999,224,3,True
WEST_2025-09,WEST,2025-09,720,0,0.0,0.0,0.0,10.096741288872352,0.0,1603.0013888888889,0,0.0,216,0,0.0,216,0,0.0,216,0,0.0,216,0,False
WEST_2025-10,WEST,2025-10,744,6,58.70999999999998,0.008064516129032258,0.07891129032258062,17.705794717912536,2.231666666666667,1532.5483870967741,6,58.70999999999998,224,6,58.70999999999998,224,6,58.70999999999998,224,6,58.70999999999998,224,1,False
WEST_2025-11,WEST,2025-11,721,2,6.899999999999999,0.0027739251040221915,0.009570041608876558,15.433082964853336,0.01,1650.6615811373092,2,6.899999999999999,217,2,6.899999999999999,217,2,6.899999999999999,217,2,6.899999999999999,217,0,True
WEST_2025-12,WEST,2025-12,744,70,1393.2399999999998,0.09408602150537634,1.8726344086021502,24.44314465028285,1.9445714285714286,1775.611559139785,22,540.0099999999998,224,22,540.0099999999998,224,61,1231.9099999999996,224,60,1194.5599999999997,224,3,True
