scope,comparison,omitted_month,delta_recall,delta_excess_share
all,local vs base,2025-07,-0.007912957467853587,-0.002269934197748791
all,local vs base,2025-08,-0.004784688995215336,-0.00016633578219582557
all,local vs base,2025-09,-0.0020174848688635505,0.00109882289203167
all,local vs base,2025-10,-0.0027266530334015826,0.0008837821261701295
all,local vs base,2025-11,-0.0013477088948787852,0.0016118728306655505
all,local vs base,2025-12,0.0030864197530864335,0.005148960064572439
pressure,local vs base,2025-07,-0.007518796992481147,-0.004792717739979024
pressure,local vs base,2025-08,-0.0037735849056603765,-0.0013529940928865836
pressure,local vs base,2025-12,0.004889975550122272,0.004347418240913337
pressure,local vs base,2025-09,0.0,0.0009406683706909558
strict_pressure,local vs base,2025-07,0.0,0.0017953262592771413
strict_pressure,local vs base,2025-08,0.005671077504725952,0.0037630610104004703
strict_pressure,local vs base,2025-12,0.007923930269413737,0.005218994289651224
high_load,local vs base,2025-07,-0.004662004662004726,-0.0021516294387246004
high_load,local vs base,2025-08,-0.001779359430605032,2.6465185924529067e-05
high_load,local vs base,2025-09,-0.0007304601899197349,0.0009026291885334548
high_load,local vs base,2025-11,0.0,0.00156425482473177
high_load,local vs base,2025-12,0.008547008547008517,0.005610316831731299
