file,source_url,sha256
data/nyiso/raw/nyiso_damlbmp_202501.zip,https://mis.nyiso.com/public/csv/damlbmp/20250101damlbmp_zone_csv.zip,dd0de661a2eb63ee43c9e9ffa9cb4e73409e345b5751b5e5eb39e1f15897a1ca
data/nyiso/raw/nyiso_damlbmp_202502.zip,https://mis.nyiso.com/public/csv/damlbmp/20250201damlbmp_zone_csv.zip,52e0e2e4e69cbe6128886406cc0c4413f0c573453d0ad3afaa13e71ab493131a
data/nyiso/raw/nyiso_damlbmp_202503.zip,https://mis.nyiso.com/public/csv/damlbmp/20250301damlbmp_zone_csv.zip,b9a2c9e74f2916c16919ba3b2d880667c02b017b085b5813dbdeb1c556222044
data/nyiso/raw/nyiso_damlbmp_202504.zip,https://mis.nyiso.com/public/csv/damlbmp/20250401damlbmp_zone_csv.zip,f8d7d67d364f9eefd306d4b509d8ea3a0e68b95ea926fb779ef592304ac810bc
data/nyiso/raw/nyiso_damlbmp_202505.zip,https://mis.nyiso.com/public/csv/damlbmp/20250501damlbmp_zone_csv.zip,9cb2e545d4219947619ef68813b84a25bd48e7cb51fafe7b4a9769b46a4791ff
data/nyiso/raw/nyiso_damlbmp_202506.zip,https://mis.nyiso.com/public/csv/damlbmp/20250601damlbmp_zone_csv.zip,d61ac54ab24e2ab72bb2261243febf9d1ced25d19dd5965500333eef9b042b13
data/nyiso/raw/nyiso_damlbmp_202507.zip,https://mis.nyiso.com/public/csv/damlbmp/20250701damlbmp_zone_csv.zip,7d1ab5b53bbf60fda665e291411aacd5eb69cdbe92353ffb6475cf0d75eff8fe
data/nyiso/raw/nyiso_damlbmp_202508.zip,https://mis.nyiso.com/public/csv/damlbmp/20250801damlbmp_zone_csv.zip,0428dcfeeb1507c54a894ad3296a1dce7eb646c211444809e27479fc1082e337
data/nyiso/raw/nyiso_damlbmp_202509.zip,https://mis.nyiso.com/public/csv/damlbmp/20250901damlbmp_zone_csv.zip,5fcaf4eccb54522abae69b9e21d53cefa6e04d5fd81e1e9d974a3555017862d8
data/nyiso/raw/nyiso_damlbmp_202510.zip,https://mis.nyiso.com/public/csv/damlbmp/20251001damlbmp_zone_csv.zip,d328abff79d49ddf0300b31102a54ac8188e387f28423b9add78aadb08db9cde
data/nyiso/raw/nyiso_damlbmp_202511.zip,https://mis.nyiso.com/public/csv/damlbmp/20251101damlbmp_zone_csv.zip,a7761c608e37da08982b9514929726318f46faf3ec4920933dabbb9476ce8698
data/nyiso/raw/nyiso_damlbmp_202512.zip,https://mis.nyiso.com/public/csv/damlbmp/20251201damlbmp_zone_csv.zip,c4ea75c17f000ffa0a03196ebc7ed83cb3870c2b0c6e82c749ade312902a9cb9
data/nyiso/raw/nyiso_isolf_202501.zip,https://mis.nyiso.com/public/csv/isolf/20250101isolf_csv.zip,74ad9d01497f2c97f54e784a58b794eb261baca15288ac62da67d5082702b54b
data/nyiso/raw/nyiso_isolf_202502.zip,https://mis.nyiso.com/public/csv/isolf/20250201isolf_csv.zip,e9708a9c00c267462dd943a69261ceae0034c40af54703ed876dfb3deb39965b
data/nyiso/raw/nyiso_isolf_202503.zip,https://mis.nyiso.com/public/csv/isolf/20250301isolf_csv.zip,5a3c226a8c9017780e847c93e7a5738151cb0ae7e6b61782907182e8a3061532
data/nyiso/raw/nyiso_isolf_202504.zip,https://mis.nyiso.com/public/csv/isolf/20250401isolf_csv.zip,0e2a3ce284a83fb97c202f65caa61d10cce046405a4a16e748163d4dd402dc3c
data/nyiso/raw/nyiso_isolf_202505.zip,https://mis.nyiso.com/public/csv/isolf/20250501isolf_csv.zip,c277a2fadec444a09e1af0e82ff6924331c82888eec04919904c83efd0d35b5e
data/nyiso/raw/nyiso_isolf_202506.zip,https://mis.nyiso.com/public/csv/isolf/20250601isolf_csv.zip,66edca7abc90133c99bc0e5c0b0638d4c899a3837b3d96d1f7008f2a1a8b5642
data/nyiso/raw/nyiso_isolf_202507.zip,https://mis.nyiso.com/public/csv/isolf/20250701isolf_csv.zip,e8191343191c5358245732b4e37cb138a08cd5845801119c4a4369f21dab0fd0
data/nyiso/raw/nyiso_isolf_202508.zip,https://mis.nyiso.com/public/csv/isolf/20250801isolf_csv.zip,5fe3bb070bdb2edc81b92e039a57bf1ace76e4f1ffd5bacc0c4be9d608f6ab5e
data/nyiso/raw/nyiso_isolf_202509.zip,https://mis.nyiso.com/public/csv/isolf/20250901isolf_csv.zip,f14995774d17b77edded5e7beb753e1bfd42db4a34d7c9362709650da3ae8b0f
data/nyiso/raw/nyiso_isolf_202510.zip,https://mis.nyiso.com/public/csv/isolf/20251001isolf_csv.zip,c22d7e09ee69f6e10a740daa847b4ccb8fbda497d2a07400282dc638fee122da
data/nyiso/raw/nyiso_isolf_202511.zip,https://mis.nyiso.com/public/csv/isolf/20251101isolf_csv.zip,f9edd8af11a6ab03c63a3ec1909aa0476cc8bf011866941e2a79b8ccf6659944
data/nyiso/raw/nyiso_isolf_202512.zip,https://mis.nyiso.com/public/csv/isolf/20251201isolf_csv.zip,8a2812ce4299f235178a40d9653ff5dc124a487100919986c3ea36bf9d186d9a
data/nyiso/raw/nyiso_rtlbmp_202501.zip,https://mis.nyiso.com/public/csv/rtlbmp/20250101rtlbmp_zone_csv.zip,a0c492ea405efbb618449db09561e8826b7ebf5acbc58d3437607888a1fdb2a8
data/nyiso/raw/nyiso_rtlbmp_202502.zip,https://mis.nyiso.com/public/csv/rtlbmp/20250201rtlbmp_zone_csv.zip,a6415364271e5da90f812a857c71cf58df3b4fb535f04e790fcf0444cd5dcd08
data/nyiso/raw/nyiso_rtlbmp_202503.zip,https://mis.nyiso.com/public/csv/rtlbmp/20250301rtlbmp_zone_csv.zip,b8210104ff7bd643453c3761fb2ea612c622aeada309fda7212d38173c529af3
data/nyiso/raw/nyiso_rtlbmp_202504.zip,https://mis.nyiso.com/public/csv/rtlbmp/20250401rtlbmp_zone_csv.zip,a646713d4dbed33dbc641d83eaa17b1588eed5941a1c8f8dcc26f2a49a33d7de
data/nyiso/raw/nyiso_rtlbmp_202505.zip,https://mis.nyiso.com/public/csv/rtlbmp/20250501rtlbmp_zone_csv.zip,458f027adf6ccddd6ba3737d6138eec1fff360db76000d907a84c7e84a8fb464
data/nyiso/raw/nyiso_rtlbmp_202506.zip,https://mis.nyiso.com/public/csv/rtlbmp/20250601rtlbmp_zone_csv.zip,ec8bdddd4e27bd721d394ac7adf95bc95c73fe8fa4db9bbe8de9dfeeacaa2959
data/nyiso/raw/nyiso_rtlbmp_202507.zip,https://mis.nyiso.com/public/csv/rtlbmp/20250701rtlbmp_zone_csv.zip,9380e3f4a488eddeeb66d5144d0026418d0eabceba64688753c6588e27eaf783
data/nyiso/raw/nyiso_rtlbmp_202508.zip,https://mis.nyiso.com/public/csv/rtlbmp/20250801rtlbmp_zone_csv.zip,fcfeb75d46e3f44bc98b2ba5b95c27019fcb2e3de1fa1f6bb7d482dd40bf6c91
data/nyiso/raw/nyiso_rtlbmp_202509.zip,https://mis.nyiso.com/public/csv/rtlbmp/20250901rtlbmp_zone_csv.zip,97b8a75cc6ec08f3255eba510f21784195baf4dbdce3b0bf57408ce1b4637141
data/nyiso/raw/nyiso_rtlbmp_202510.zip,https://mis.nyiso.com/public/csv/rtlbmp/20251001rtlbmp_zone_csv.zip,3292259b11a62a13bc4243ae72ee2b08122ffedf3c8611432fa16d0891b7d6d1
data/nyiso/raw/nyiso_rtlbmp_202511.zip,https://mis.nyiso.com/public/csv/rtlbmp/20251101rtlbmp_zone_csv.zip,126b127d37da87a81312750dca2c8eb8815ea844383006f9abccee48f4dcdec9
data/nyiso/raw/nyiso_rtlbmp_202512.zip,https://mis.nyiso.com/public/csv/rtlbmp/20251201rtlbmp_zone_csv.zip,53e3dde7e2cfce54d6363b180e620c408be9016ec423d69ba030d73771daecb0
